timestamp,filename,maze_size,seed,algorithm,generation_time_ms,ram_peak_mb,file_size_bytes,backtrack_count,edges_processed,union_find_operations
2025-09-16 19:01:40,kruskal_strict_10_1.txt,10,1,kruskal,2.02,17.97,483,0,180,652
2025-09-16 19:01:40,kruskal_strict_10_2.txt,10,2,kruskal,2.01,17.99,483,0,180,552
2025-09-16 19:01:40,kruskal_strict_10_3.txt,10,3,kruskal,15.33,17.99,483,0,180,639
2025-09-16 19:01:40,kruskal_strict_10_4.txt,10,4,kruskal,2.19,17.99,483,0,180,634
2025-09-16 19:01:40,kruskal_strict_10_5.txt,10,5,kruskal,2.3,17.99,483,0,180,620
2025-09-16 19:01:40,kruskal_strict_10_6.txt,10,6,kruskal,1.77,17.99,483,0,180,572
2025-09-16 19:01:40,kruskal_strict_10_7.txt,10,7,kruskal,1.35,17.99,483,0,180,704
2025-09-16 19:01:40,kruskal_strict_10_8.txt,10,8,kruskal,2.67,17.99,483,0,180,549
2025-09-16 19:01:40,kruskal_strict_10_9.txt,10,9,kruskal,1.59,17.99,483,0,180,577
2025-09-16 19:01:40,kruskal_strict_10_10.txt,10,10,kruskal,1.92,17.99,483,0,180,566
2025-09-16 19:01:40,kruskal_strict_10_11.txt,10,11,kruskal,2.2,17.99,483,0,180,642
2025-09-16 19:01:40,kruskal_strict_10_12.txt,10,12,kruskal,1.3,17.99,483,0,180,552
2025-09-16 19:01:40,kruskal_strict_10_13.txt,10,13,kruskal,0.86,17.99,483,0,180,644
2025-09-16 19:01:40,kruskal_strict_10_14.txt,10,14,kruskal,0.98,17.99,483,0,180,495
2025-09-16 19:01:40,kruskal_strict_10_15.txt,10,15,kruskal,1.43,17.99,483,0,180,619
2025-09-16 19:01:40,kruskal_strict_10_16.txt,10,16,kruskal,2.59,17.99,483,0,180,625
2025-09-16 19:01:40,kruskal_strict_10_17.txt,10,17,kruskal,1.47,18.0,483,0,180,536
2025-09-16 19:01:40,kruskal_strict_10_18.txt,10,18,kruskal,1.37,18.0,483,0,180,656
2025-09-16 19:01:40,kruskal_strict_10_19.txt,10,19,kruskal,1.1,18.0,483,0,180,670
2025-09-16 19:01:40,kruskal_strict_10_20.txt,10,20,kruskal,1.03,18.0,483,0,180,592
2025-09-16 19:01:40,kruskal_strict_10_21.txt,10,21,kruskal,1.14,18.0,483,0,180,668
2025-09-16 19:01:40,kruskal_strict_10_22.txt,10,22,kruskal,1.25,18.0,483,0,180,624
2025-09-16 19:01:40,kruskal_strict_10_23.txt,10,23,kruskal,0.99,18.0,483,0,180,636
2025-09-16 19:01:40,kruskal_strict_10_24.txt,10,24,kruskal,2.5,18.0,483,0,180,605
2025-09-16 19:01:40,kruskal_strict_10_25.txt,10,25,kruskal,1.32,18.0,483,0,180,648
2025-09-16 19:01:40,kruskal_strict_10_26.txt,10,26,kruskal,1.48,18.0,483,0,180,672
2025-09-16 19:01:40,kruskal_strict_10_27.txt,10,27,kruskal,2.34,18.0,483,0,180,758
2025-09-16 19:01:40,kruskal_strict_10_28.txt,10,28,kruskal,1.25,18.0,483,0,180,590
2025-09-16 19:01:40,kruskal_strict_10_29.txt,10,29,kruskal,0.88,18.0,483,0,180,594
2025-09-16 19:01:40,kruskal_strict_10_30.txt,10,30,kruskal,1.56,18.0,483,0,180,585
2025-09-16 19:01:40,kruskal_strict_10_31.txt,10,31,kruskal,2.17,18.0,483,0,180,631
2025-09-16 19:01:40,kruskal_strict_10_32.txt,10,32,kruskal,1.42,18.0,483,0,180,649
2025-09-16 19:01:40,kruskal_strict_10_33.txt,10,33,kruskal,1.18,18.0,483,0,180,625
2025-09-16 19:01:40,kruskal_strict_10_34.txt,10,34,kruskal,0.98,18.0,483,0,180,490
2025-09-16 19:01:40,kruskal_strict_10_35.txt,10,35,kruskal,1.38,18.0,483,0,180,605
2025-09-16 19:01:40,kruskal_strict_10_36.txt,10,36,kruskal,1.2,18.0,483,0,180,699
2025-09-16 19:01:40,kruskal_strict_10_37.txt,10,37,kruskal,1.14,18.0,483,0,180,560
2025-09-16 19:01:40,kruskal_strict_10_38.txt,10,38,kruskal,2.98,18.0,483,0,180,542
2025-09-16 19:01:40,kruskal_strict_10_39.txt,10,39,kruskal,1.09,18.0,483,0,180,627
2025-09-16 19:01:40,kruskal_strict_10_40.txt,10,40,kruskal,0.91,18.0,483,0,180,696
2025-09-16 19:01:40,kruskal_strict_10_41.txt,10,41,kruskal,1.55,18.0,483,0,180,552
2025-09-16 19:01:40,kruskal_strict_10_42.txt,10,42,kruskal,0.84,18.0,483,0,180,558
2025-09-16 19:01:40,kruskal_strict_10_43.txt,10,43,kruskal,0.84,18.0,483,0,180,774
2025-09-16 19:01:40,kruskal_strict_10_44.txt,10,44,kruskal,1.27,18.0,483,0,180,580
2025-09-16 19:01:40,kruskal_strict_10_45.txt,10,45,kruskal,1.11,18.0,483,0,180,651
2025-09-16 19:01:40,kruskal_strict_10_46.txt,10,46,kruskal,1.26,18.0,483,0,180,611
2025-09-16 19:01:40,kruskal_strict_10_47.txt,10,47,kruskal,1.19,18.0,483,0,180,668
2025-09-16 19:01:40,kruskal_strict_10_48.txt,10,48,kruskal,1.29,18.0,483,0,180,662
2025-09-16 19:01:40,kruskal_strict_10_49.txt,10,49,kruskal,2.22,18.0,483,0,180,517
2025-09-16 19:01:40,kruskal_strict_10_50.txt,10,50,kruskal,0.97,18.01,483,0,180,657
2025-09-16 19:01:40,kruskal_strict_10_51.txt,10,51,kruskal,1.32,18.01,483,0,180,741
2025-09-16 19:01:40,kruskal_strict_10_52.txt,10,52,kruskal,0.84,18.01,483,0,180,607
2025-09-16 19:01:40,kruskal_strict_10_53.txt,10,53,kruskal,0.96,18.01,483,0,180,550
2025-09-16 19:01:40,kruskal_strict_10_54.txt,10,54,kruskal,1.14,18.01,483,0,180,635
2025-09-16 19:01:40,kruskal_strict_10_55.txt,10,55,kruskal,1.78,18.01,483,0,180,620
2025-09-16 19:01:40,kruskal_strict_10_56.txt,10,56,kruskal,1.06,18.01,483,0,180,631
2025-09-16 19:01:40,kruskal_strict_10_57.txt,10,57,kruskal,1.2,18.01,483,0,180,613
2025-09-16 19:01:40,kruskal_strict_10_58.txt,10,58,kruskal,1.43,18.01,483,0,180,605
2025-09-16 19:01:40,kruskal_strict_10_59.txt,10,59,kruskal,1.16,18.01,483,0,180,574
2025-09-16 19:01:40,kruskal_strict_10_60.txt,10,60,kruskal,0.86,18.01,483,0,180,542
2025-09-16 19:01:40,kruskal_strict_10_61.txt,10,61,kruskal,1.1,18.01,483,0,180,656
2025-09-16 19:01:40,kruskal_strict_10_62.txt,10,62,kruskal,1.29,18.01,483,0,180,595
2025-09-16 19:01:40,kruskal_strict_10_63.txt,10,63,kruskal,0.78,18.01,483,0,180,590
2025-09-16 19:01:40,kruskal_strict_10_64.txt,10,64,kruskal,0.8,18.01,483,0,180,626
2025-09-16 19:01:40,kruskal_strict_10_65.txt,10,65,kruskal,2.03,18.01,483,0,180,633
2025-09-16 19:01:40,kruskal_strict_10_66.txt,10,66,kruskal,1.48,18.01,483,0,180,604
2025-09-16 19:01:40,kruskal_strict_10_67.txt,10,67,kruskal,1.48,18.01,483,0,180,595
2025-09-16 19:01:40,kruskal_strict_10_68.txt,10,68,kruskal,2.01,18.01,483,0,180,531
2025-09-16 19:01:40,kruskal_strict_10_69.txt,10,69,kruskal,0.91,18.01,483,0,180,513
2025-09-16 19:01:40,kruskal_strict_10_70.txt,10,70,kruskal,1.09,18.01,483,0,180,687
2025-09-16 19:01:40,kruskal_strict_10_71.txt,10,71,kruskal,1.32,18.01,483,0,180,616
2025-09-16 19:01:40,kruskal_strict_10_72.txt,10,72,kruskal,0.86,18.01,483,0,180,591
2025-09-16 19:01:40,kruskal_strict_10_73.txt,10,73,kruskal,2.59,18.01,483,0,180,602
2025-09-16 19:01:40,kruskal_strict_10_74.txt,10,74,kruskal,1.4,18.01,483,0,180,584
2025-09-16 19:01:40,kruskal_strict_10_75.txt,10,75,kruskal,2.23,18.01,483,0,180,718
2025-09-16 19:01:40,kruskal_strict_10_76.txt,10,76,kruskal,1.6,18.01,483,0,180,706
2025-09-16 19:01:40,kruskal_strict_10_77.txt,10,77,kruskal,1.35,18.01,483,0,180,683
2025-09-16 19:01:40,kruskal_strict_10_78.txt,10,78,kruskal,0.87,18.01,483,0,180,729
2025-09-16 19:01:40,kruskal_strict_10_79.txt,10,79,kruskal,0.82,18.01,483,0,180,571
2025-09-16 19:01:40,kruskal_strict_10_80.txt,10,80,kruskal,0.82,18.01,483,0,180,568
2025-09-16 19:01:40,kruskal_strict_10_81.txt,10,81,kruskal,1.7,18.01,483,0,180,548
2025-09-16 19:01:40,kruskal_strict_10_82.txt,10,82,kruskal,0.94,18.01,483,0,180,562
2025-09-16 19:01:40,kruskal_strict_10_83.txt,10,83,kruskal,1.26,18.01,483,0,180,655
2025-09-16 19:01:40,kruskal_strict_10_84.txt,10,84,kruskal,1.63,18.01,483,0,180,637
2025-09-16 19:01:40,kruskal_strict_10_85.txt,10,85,kruskal,1.36,18.01,483,0,180,529
2025-09-16 19:01:40,kruskal_strict_10_86.txt,10,86,kruskal,1.47,18.01,483,0,180,637
2025-09-16 19:01:40,kruskal_strict_10_87.txt,10,87,kruskal,1.26,18.01,483,0,180,551
2025-09-16 19:01:40,kruskal_strict_10_88.txt,10,88,kruskal,1.03,18.01,483,0,180,569
2025-09-16 19:01:40,kruskal_strict_10_89.txt,10,89,kruskal,2.37,18.01,483,0,180,685
2025-09-16 19:01:40,kruskal_strict_10_90.txt,10,90,kruskal,1.07,18.01,483,0,180,503
2025-09-16 19:01:40,kruskal_strict_10_91.txt,10,91,kruskal,1.88,18.01,483,0,180,636
2025-09-16 19:01:40,kruskal_strict_10_92.txt,10,92,kruskal,1.32,18.01,483,0,180,576
2025-09-16 19:01:40,kruskal_strict_10_93.txt,10,93,kruskal,1.11,18.01,483,0,180,656
2025-09-16 19:01:40,kruskal_strict_10_94.txt,10,94,kruskal,0.89,18.01,483,0,180,626
2025-09-16 19:01:40,kruskal_strict_10_95.txt,10,95,kruskal,1.12,18.01,483,0,180,593
2025-09-16 19:01:40,kruskal_strict_10_96.txt,10,96,kruskal,1.32,18.01,483,0,180,601
2025-09-16 19:01:40,kruskal_strict_10_97.txt,10,97,kruskal,0.95,18.01,483,0,180,637
2025-09-16 19:01:40,kruskal_strict_10_98.txt,10,98,kruskal,2.54,18.01,483,0,180,497
2025-09-16 19:01:40,kruskal_strict_10_99.txt,10,99,kruskal,1.21,18.01,483,0,180,707
2025-09-16 19:01:40,kruskal_strict_10_100.txt,10,100,kruskal,1.97,18.01,483,0,180,620
2025-09-16 19:01:40,kruskal_strict_50_1.txt,50,1,kruskal,13.24,18.91,10403,0,4900,20651
2025-09-16 19:01:40,kruskal_strict_50_2.txt,50,2,kruskal,14.54,18.93,10403,0,4900,19941
2025-09-16 19:01:40,kruskal_strict_50_3.txt,50,3,kruskal,12.31,18.93,10403,0,4900,19726
2025-09-16 19:01:40,kruskal_strict_50_4.txt,50,4,kruskal,11.16,18.93,10403,0,4900,19092
2025-09-16 19:01:40,kruskal_strict_50_5.txt,50,5,kruskal,11.79,18.93,10403,0,4900,19513
2025-09-16 19:01:40,kruskal_strict_50_6.txt,50,6,kruskal,11.09,18.93,10403,0,4900,18294
2025-09-16 19:01:40,kruskal_strict_50_7.txt,50,7,kruskal,11.98,18.93,10403,0,4900,20684
2025-09-16 19:01:40,kruskal_strict_50_8.txt,50,8,kruskal,10.72,18.94,10403,0,4900,18515
2025-09-16 19:01:40,kruskal_strict_50_9.txt,50,9,kruskal,10.23,18.94,10403,0,4900,19764
2025-09-16 19:01:40,kruskal_strict_50_10.txt,50,10,kruskal,10.1,18.94,10403,0,4900,19655
2025-09-16 19:01:40,kruskal_strict_50_11.txt,50,11,kruskal,9.8,18.94,10403,0,4900,19449
2025-09-16 19:01:40,kruskal_strict_50_12.txt,50,12,kruskal,11.28,18.94,10403,0,4900,19702
2025-09-16 19:01:40,kruskal_strict_50_13.txt,50,13,kruskal,11.67,18.94,10403,0,4900,19301
2025-09-16 19:01:40,kruskal_strict_50_14.txt,50,14,kruskal,12.52,18.94,10403,0,4900,19374
2025-09-16 19:01:40,kruskal_strict_50_15.txt,50,15,kruskal,12.49,18.94,10403,0,4900,20167
2025-09-16 19:01:40,kruskal_strict_50_16.txt,50,16,kruskal,14.69,18.95,10403,0,4900,20581
2025-09-16 19:01:40,kruskal_strict_50_17.txt,50,17,kruskal,47.26,18.96,10403,0,4900,20906
2025-09-16 19:01:40,kruskal_strict_50_18.txt,50,18,kruskal,19.12,18.96,10403,0,4900,19993
2025-09-16 19:01:40,kruskal_strict_50_19.txt,50,19,kruskal,10.36,18.96,10403,0,4900,18494
2025-09-16 19:01:40,kruskal_strict_50_20.txt,50,20,kruskal,9.98,18.96,10403,0,4900,20050
2025-09-16 19:01:40,kruskal_strict_50_21.txt,50,21,kruskal,10.38,18.96,10403,0,4900,18435
2025-09-16 19:01:40,kruskal_strict_50_22.txt,50,22,kruskal,11.32,18.96,10403,0,4900,20199
2025-09-16 19:01:40,kruskal_strict_50_23.txt,50,23,kruskal,11.97,18.96,10403,0,4900,19782
2025-09-16 19:01:40,kruskal_strict_50_24.txt,50,24,kruskal,10.39,18.96,10403,0,4900,19803
2025-09-16 19:01:40,kruskal_strict_50_25.txt,50,25,kruskal,11.06,18.96,10403,0,4900,18871
2025-09-16 19:01:40,kruskal_strict_50_26.txt,50,26,kruskal,10.96,18.96,10403,0,4900,18780
2025-09-16 19:01:40,kruskal_strict_50_27.txt,50,27,kruskal,10.57,18.96,10403,0,4900,19670
2025-09-16 19:01:40,kruskal_strict_50_28.txt,50,28,kruskal,9.9,18.96,10403,0,4900,19107
2025-09-16 19:01:40,kruskal_strict_50_29.txt,50,29,kruskal,9.65,18.96,10403,0,4900,19824
2025-09-16 19:01:40,kruskal_strict_50_30.txt,50,30,kruskal,9.15,18.96,10403,0,4900,19851
2025-09-16 19:01:40,kruskal_strict_50_31.txt,50,31,kruskal,9.41,18.96,10403,0,4900,17930
2025-09-16 19:01:40,kruskal_strict_50_32.txt,50,32,kruskal,10.27,18.96,10403,0,4900,21307
2025-09-16 19:01:40,kruskal_strict_50_33.txt,50,33,kruskal,9.16,18.96,10403,0,4900,19019
2025-09-16 19:01:40,kruskal_strict_50_34.txt,50,34,kruskal,11.82,18.96,10403,0,4900,21152
2025-09-16 19:01:40,kruskal_strict_50_35.txt,50,35,kruskal,10.63,18.96,10403,0,4900,20675
2025-09-16 19:01:40,kruskal_strict_50_36.txt,50,36,kruskal,9.92,18.96,10403,0,4900,17910
2025-09-16 19:01:40,kruskal_strict_50_37.txt,50,37,kruskal,10.74,18.96,10403,0,4900,20236
2025-09-16 19:01:41,kruskal_strict_50_38.txt,50,38,kruskal,10.47,18.96,10403,0,4900,19788
2025-09-16 19:01:41,kruskal_strict_50_39.txt,50,39,kruskal,10.06,18.96,10403,0,4900,20613
2025-09-16 19:01:41,kruskal_strict_50_40.txt,50,40,kruskal,9.24,18.96,10403,0,4900,17972
2025-09-16 19:01:41,kruskal_strict_50_41.txt,50,41,kruskal,9.14,18.96,10403,0,4900,19083
2025-09-16 19:01:41,kruskal_strict_50_42.txt,50,42,kruskal,12.49,18.96,10403,0,4900,20940
2025-09-16 19:01:41,kruskal_strict_50_43.txt,50,43,kruskal,10.73,18.96,10403,0,4900,19634
2025-09-16 19:01:41,kruskal_strict_50_44.txt,50,44,kruskal,9.34,18.96,10403,0,4900,18518
2025-09-16 19:01:41,kruskal_strict_50_45.txt,50,45,kruskal,10.62,18.96,10403,0,4900,19696
2025-09-16 19:01:41,kruskal_strict_50_46.txt,50,46,kruskal,10.79,18.96,10403,0,4900,19255
2025-09-16 19:01:41,kruskal_strict_50_47.txt,50,47,kruskal,9.12,18.96,10403,0,4900,18711
2025-09-16 19:01:41,kruskal_strict_50_48.txt,50,48,kruskal,9.58,18.96,10403,0,4900,18032
2025-09-16 19:01:41,kruskal_strict_50_49.txt,50,49,kruskal,9.78,18.96,10403,0,4900,19120
2025-09-16 19:01:41,kruskal_strict_50_50.txt,50,50,kruskal,10.31,18.96,10403,0,4900,19272
2025-09-16 19:01:41,kruskal_strict_50_51.txt,50,51,kruskal,11.06,18.96,10403,0,4900,19358
2025-09-16 19:01:41,kruskal_strict_50_52.txt,50,52,kruskal,10.13,18.96,10403,0,4900,19205
2025-09-16 19:01:41,kruskal_strict_50_53.txt,50,53,kruskal,9.7,18.96,10403,0,4900,20528
2025-09-16 19:01:41,kruskal_strict_50_54.txt,50,54,kruskal,10.89,18.96,10403,0,4900,19196
2025-09-16 19:01:41,kruskal_strict_50_55.txt,50,55,kruskal,8.94,18.96,10403,0,4900,19171
2025-09-16 19:01:41,kruskal_strict_50_56.txt,50,56,kruskal,9.96,18.96,10403,0,4900,20195
2025-09-16 19:01:41,kruskal_strict_50_57.txt,50,57,kruskal,10.56,18.96,10403,0,4900,19755
2025-09-16 19:01:41,kruskal_strict_50_58.txt,50,58,kruskal,10.24,18.96,10403,0,4900,19069
2025-09-16 19:01:41,kruskal_strict_50_59.txt,50,59,kruskal,10.02,18.96,10403,0,4900,18989
2025-09-16 19:01:41,kruskal_strict_50_60.txt,50,60,kruskal,9.51,18.96,10403,0,4900,19843
2025-09-16 19:01:41,kruskal_strict_50_61.txt,50,61,kruskal,9.2,18.96,10403,0,4900,19693
2025-09-16 19:01:41,kruskal_strict_50_62.txt,50,62,kruskal,14.63,18.96,10403,0,4900,18484
2025-09-16 19:01:41,kruskal_strict_50_63.txt,50,63,kruskal,9.85,18.96,10403,0,4900,18590
2025-09-16 19:01:41,kruskal_strict_50_64.txt,50,64,kruskal,9.81,18.96,10403,0,4900,20081
2025-09-16 19:01:41,kruskal_strict_50_65.txt,50,65,kruskal,10.8,18.96,10403,0,4900,19041
2025-09-16 19:01:41,kruskal_strict_50_66.txt,50,66,kruskal,16.07,18.96,10403,0,4900,19498
2025-09-16 19:01:41,kruskal_strict_50_67.txt,50,67,kruskal,10.15,18.96,10403,0,4900,20496
2025-09-16 19:01:41,kruskal_strict_50_68.txt,50,68,kruskal,8.87,18.96,10403,0,4900,19146
2025-09-16 19:01:41,kruskal_strict_50_69.txt,50,69,kruskal,9.2,18.96,10403,0,4900,19688
2025-09-16 19:01:41,kruskal_strict_50_70.txt,50,70,kruskal,8.54,18.96,10403,0,4900,18537
2025-09-16 19:01:41,kruskal_strict_50_71.txt,50,71,kruskal,8.85,18.96,10403,0,4900,18645
2025-09-16 19:01:41,kruskal_strict_50_72.txt,50,72,kruskal,8.53,18.96,10403,0,4900,20558
2025-09-16 19:01:41,kruskal_strict_50_73.txt,50,73,kruskal,11.54,18.96,10403,0,4900,19875
2025-09-16 19:01:41,kruskal_strict_50_74.txt,50,74,kruskal,11.74,18.96,10403,0,4900,19279
2025-09-16 19:01:41,kruskal_strict_50_75.txt,50,75,kruskal,11.52,18.96,10403,0,4900,19829
2025-09-16 19:01:41,kruskal_strict_50_76.txt,50,76,kruskal,9.19,18.96,10403,0,4900,18585
2025-09-16 19:01:41,kruskal_strict_50_77.txt,50,77,kruskal,9.35,18.96,10403,0,4900,19053
2025-09-16 19:01:41,kruskal_strict_50_78.txt,50,78,kruskal,8.98,18.96,10403,0,4900,18609
2025-09-16 19:01:41,kruskal_strict_50_79.txt,50,79,kruskal,10.32,18.97,10403,0,4900,19169
2025-09-16 19:01:41,kruskal_strict_50_80.txt,50,80,kruskal,10.0,18.97,10403,0,4900,18806
2025-09-16 19:01:41,kruskal_strict_50_81.txt,50,81,kruskal,9.9,18.97,10403,0,4900,19348
2025-09-16 19:01:41,kruskal_strict_50_82.txt,50,82,kruskal,14.18,18.97,10403,0,4900,20242
2025-09-16 19:01:41,kruskal_strict_50_83.txt,50,83,kruskal,14.94,18.97,10403,0,4900,19417
2025-09-16 19:01:41,kruskal_strict_50_84.txt,50,84,kruskal,10.75,18.97,10403,0,4900,19977
2025-09-16 19:01:41,kruskal_strict_50_85.txt,50,85,kruskal,9.1,18.97,10403,0,4900,20158
2025-09-16 19:01:41,kruskal_strict_50_86.txt,50,86,kruskal,10.41,18.97,10403,0,4900,21611
2025-09-16 19:01:41,kruskal_strict_50_87.txt,50,87,kruskal,10.74,18.97,10403,0,4900,18804
2025-09-16 19:01:41,kruskal_strict_50_88.txt,50,88,kruskal,9.11,18.97,10403,0,4900,20050
2025-09-16 19:01:41,kruskal_strict_50_89.txt,50,89,kruskal,9.67,18.97,10403,0,4900,18870
2025-09-16 19:01:41,kruskal_strict_50_90.txt,50,90,kruskal,11.01,18.97,10403,0,4900,19536
2025-09-16 19:01:41,kruskal_strict_50_91.txt,50,91,kruskal,9.39,18.97,10403,0,4900,17840
2025-09-16 19:01:41,kruskal_strict_50_92.txt,50,92,kruskal,11.59,18.97,10403,0,4900,19704
2025-09-16 19:01:41,kruskal_strict_50_93.txt,50,93,kruskal,8.95,18.97,10403,0,4900,19344
2025-09-16 19:01:41,kruskal_strict_50_94.txt,50,94,kruskal,10.41,18.97,10403,0,4900,19339
2025-09-16 19:01:41,kruskal_strict_50_95.txt,50,95,kruskal,10.04,18.97,10403,0,4900,19269
2025-09-16 19:01:41,kruskal_strict_50_96.txt,50,96,kruskal,10.06,18.97,10403,0,4900,19296
2025-09-16 19:01:41,kruskal_strict_50_97.txt,50,97,kruskal,10.21,18.97,10403,0,4900,19876
2025-09-16 19:01:41,kruskal_strict_50_98.txt,50,98,kruskal,10.9,18.97,10403,0,4900,20488
2025-09-16 19:01:41,kruskal_strict_50_99.txt,50,99,kruskal,9.98,18.97,10403,0,4900,19144
2025-09-16 19:01:41,kruskal_strict_50_100.txt,50,100,kruskal,9.88,18.97,10403,0,4900,19313
2025-09-16 19:01:41,kruskal_strict_100_1.txt,100,1,kruskal,49.52,21.66,40803,0,19800,85788
2025-09-16 19:01:41,kruskal_strict_100_2.txt,100,2,kruskal,52.34,21.67,40803,0,19800,80290
2025-09-16 19:01:41,kruskal_strict_100_3.txt,100,3,kruskal,59.65,21.67,40803,0,19800,84693
2025-09-16 19:01:41,kruskal_strict_100_4.txt,100,4,kruskal,51.69,21.67,40803,0,19800,79464
2025-09-16 19:01:41,kruskal_strict_100_5.txt,100,5,kruskal,44.45,21.67,40803,0,19800,85706
2025-09-16 19:01:41,kruskal_strict_100_6.txt,100,6,kruskal,39.63,21.67,40803,0,19800,84068
2025-09-16 19:01:41,kruskal_strict_100_7.txt,100,7,kruskal,41.86,21.67,40803,0,19800,85951
2025-09-16 19:01:42,kruskal_strict_100_8.txt,100,8,kruskal,48.87,21.62,40803,0,19800,80388
2025-09-16 19:01:42,kruskal_strict_100_9.txt,100,9,kruskal,57.9,22.29,40803,0,19800,79421
2025-09-16 19:01:42,kruskal_strict_100_10.txt,100,10,kruskal,41.68,22.33,40803,0,19800,77964
2025-09-16 19:01:42,kruskal_strict_100_11.txt,100,11,kruskal,49.42,22.37,40803,0,19800,79819
2025-09-16 19:01:42,kruskal_strict_100_12.txt,100,12,kruskal,44.91,21.96,40803,0,19800,81212
2025-09-16 19:01:42,kruskal_strict_100_13.txt,100,13,kruskal,38.42,21.97,40803,0,19800,83245
2025-09-16 19:01:42,kruskal_strict_100_14.txt,100,14,kruskal,60.13,22.3,40803,0,19800,82567
2025-09-16 19:01:42,kruskal_strict_100_15.txt,100,15,kruskal,53.31,21.92,40803,0,19800,81417
2025-09-16 19:01:42,kruskal_strict_100_16.txt,100,16,kruskal,41.71,21.92,40803,0,19800,77714
2025-09-16 19:01:42,kruskal_strict_100_17.txt,100,17,kruskal,39.22,21.93,40803,0,19800,79387
2025-09-16 19:01:42,kruskal_strict_100_18.txt,100,18,kruskal,41.49,22.33,40803,0,19800,83388
2025-09-16 19:01:42,kruskal_strict_100_19.txt,100,19,kruskal,42.09,22.34,40803,0,19800,83514
2025-09-16 19:01:42,kruskal_strict_100_20.txt,100,20,kruskal,41.26,22.29,40803,0,19800,82527
2025-09-16 19:01:42,kruskal_strict_100_21.txt,100,21,kruskal,47.51,21.99,40803,0,19800,81640
2025-09-16 19:01:42,kruskal_strict_100_22.txt,100,22,kruskal,48.72,22.05,40803,0,19800,85373
2025-09-16 19:01:42,kruskal_strict_100_23.txt,100,23,kruskal,42.08,22.09,40803,0,19800,82438
2025-09-16 19:01:42,kruskal_strict_100_24.txt,100,24,kruskal,37.51,22.39,40803,0,19800,81835
2025-09-16 19:01:42,kruskal_strict_100_25.txt,100,25,kruskal,42.3,22.43,40803,0,19800,79984
2025-09-16 19:01:42,kruskal_strict_100_26.txt,100,26,kruskal,39.97,22.39,40803,0,19800,79147
2025-09-16 19:01:42,kruskal_strict_100_27.txt,100,27,kruskal,51.91,22.0,40803,0,19800,79251
2025-09-16 19:01:42,kruskal_strict_100_28.txt,100,28,kruskal,53.95,22.38,40803,0,19800,81555
2025-09-16 19:01:43,kruskal_strict_100_29.txt,100,29,kruskal,47.49,22.02,40803,0,19800,84602
2025-09-16 19:01:43,kruskal_strict_100_30.txt,100,30,kruskal,44.1,22.4,40803,0,19800,81987
2025-09-16 19:01:43,kruskal_strict_100_31.txt,100,31,kruskal,43.22,22.39,40803,0,19800,78891
2025-09-16 19:01:43,kruskal_strict_100_32.txt,100,32,kruskal,50.69,22.03,40803,0,19800,81804
2025-09-16 19:01:43,kruskal_strict_100_33.txt,100,33,kruskal,53.09,22.43,40803,0,19800,84064
2025-09-16 19:01:43,kruskal_strict_100_34.txt,100,34,kruskal,42.84,22.39,40803,0,19800,81071
2025-09-16 19:01:43,kruskal_strict_100_35.txt,100,35,kruskal,48.63,22.02,40803,0,19800,82738
2025-09-16 19:01:43,kruskal_strict_100_36.txt,100,36,kruskal,43.26,22.0,40803,0,19800,83367
2025-09-16 19:01:43,kruskal_strict_100_37.txt,100,37,kruskal,45.45,22.42,40803,0,19800,84505
2025-09-16 19:01:43,kruskal_strict_100_38.txt,100,38,kruskal,38.73,22.38,40803,0,19800,79882
2025-09-16 19:01:43,kruskal_strict_100_39.txt,100,39,kruskal,41.57,22.06,40803,0,19800,83071
2025-09-16 19:01:43,kruskal_strict_100_40.txt,100,40,kruskal,48.46,22.07,40803,0,19800,78924
2025-09-16 19:01:43,kruskal_strict_100_41.txt,100,41,kruskal,60.58,22.02,40803,0,19800,81434
2025-09-16 19:01:43,kruskal_strict_100_42.txt,100,42,kruskal,45.15,22.03,40803,0,19800,79238
2025-09-16 19:01:43,kruskal_strict_100_43.txt,100,43,kruskal,39.44,22.41,40803,0,19800,79739
2025-09-16 19:01:43,kruskal_strict_100_44.txt,100,44,kruskal,38.02,22.4,40803,0,19800,82669
2025-09-16 19:01:43,kruskal_strict_100_45.txt,100,45,kruskal,38.85,22.04,40803,0,19800,80887
2025-09-16 19:01:43,kruskal_strict_100_46.txt,100,46,kruskal,42.25,22.41,40803,0,19800,82559
2025-09-16 19:01:43,kruskal_strict_100_47.txt,100,47,kruskal,42.92,22.07,40803,0,19800,81956
2025-09-16 19:01:43,kruskal_strict_100_48.txt,100,48,kruskal,55.04,22.02,40803,0,19800,80528
2025-09-16 19:01:43,kruskal_strict_100_49.txt,100,49,kruskal,41.52,22.42,40803,0,19800,85541
2025-09-16 19:01:43,kruskal_strict_100_50.txt,100,50,kruskal,40.55,22.39,40803,0,19800,82975
2025-09-16 19:01:44,kruskal_strict_100_51.txt,100,51,kruskal,44.42,22.43,40803,0,19800,82193
2025-09-16 19:01:44,kruskal_strict_100_52.txt,100,52,kruskal,47.52,22.04,40803,0,19800,80003
2025-09-16 19:01:44,kruskal_strict_100_53.txt,100,53,kruskal,45.37,22.43,40803,0,19800,85076
2025-09-16 19:01:44,kruskal_strict_100_54.txt,100,54,kruskal,61.35,22.4,40803,0,19800,82971
2025-09-16 19:01:44,kruskal_strict_100_55.txt,100,55,kruskal,48.9,22.43,40803,0,19800,80312
2025-09-16 19:01:44,kruskal_strict_100_56.txt,100,56,kruskal,46.57,22.41,40803,0,19800,81777
2025-09-16 19:01:44,kruskal_strict_100_57.txt,100,57,kruskal,42.21,22.4,40803,0,19800,82875
2025-09-16 19:01:44,kruskal_strict_100_58.txt,100,58,kruskal,39.71,22.42,40803,0,19800,86106
2025-09-16 19:01:44,kruskal_strict_100_59.txt,100,59,kruskal,40.75,22.06,40803,0,19800,82119
2025-09-16 19:01:44,kruskal_strict_100_60.txt,100,60,kruskal,45.44,22.02,40803,0,19800,82828
2025-09-16 19:01:44,kruskal_strict_100_61.txt,100,61,kruskal,53.89,22.43,40803,0,19800,80365
2025-09-16 19:01:44,kruskal_strict_100_62.txt,100,62,kruskal,43.01,22.42,40803,0,19800,80934
2025-09-16 19:01:44,kruskal_strict_100_63.txt,100,63,kruskal,43.73,22.41,40803,0,19800,82247
2025-09-16 19:01:44,kruskal_strict_100_64.txt,100,64,kruskal,41.26,22.43,40803,0,19800,81794
2025-09-16 19:01:44,kruskal_strict_100_65.txt,100,65,kruskal,39.28,22.41,40803,0,19800,84183
2025-09-16 19:01:44,kruskal_strict_100_66.txt,100,66,kruskal,52.3,22.43,40803,0,19800,82009
2025-09-16 19:01:44,kruskal_strict_100_67.txt,100,67,kruskal,61.18,22.43,40803,0,19800,85520
2025-09-16 19:01:44,kruskal_strict_100_68.txt,100,68,kruskal,42.72,22.39,40803,0,19800,78022
2025-09-16 19:01:44,kruskal_strict_100_69.txt,100,69,kruskal,40.86,22.05,40803,0,19800,84190
2025-09-16 19:01:44,kruskal_strict_100_70.txt,100,70,kruskal,40.03,22.38,40803,0,19800,80598
2025-09-16 19:01:44,kruskal_strict_100_71.txt,100,71,kruskal,50.37,22.47,40803,0,19800,83630
2025-09-16 19:01:45,kruskal_strict_100_72.txt,100,72,kruskal,43.93,22.41,40803,0,19800,80681
2025-09-16 19:01:45,kruskal_strict_100_73.txt,100,73,kruskal,42.49,22.42,40803,0,19800,80186
2025-09-16 19:01:45,kruskal_strict_100_74.txt,100,74,kruskal,46.61,22.06,40803,0,19800,81741
2025-09-16 19:01:45,kruskal_strict_100_75.txt,100,75,kruskal,41.94,22.43,40803,0,19800,84403
2025-09-16 19:01:45,kruskal_strict_100_76.txt,100,76,kruskal,45.16,22.01,40803,0,19800,83439
2025-09-16 19:01:45,kruskal_strict_100_77.txt,100,77,kruskal,40.45,22.06,40803,0,19800,85270
2025-09-16 19:01:45,kruskal_strict_100_78.txt,100,78,kruskal,44.93,22.43,40803,0,19800,80435
2025-09-16 19:01:45,kruskal_strict_100_79.txt,100,79,kruskal,105.95,22.44,40803,0,19800,81086
2025-09-16 19:01:45,kruskal_strict_100_80.txt,100,80,kruskal,47.19,22.38,40803,0,19800,82849
2025-09-16 19:01:45,kruskal_strict_100_81.txt,100,81,kruskal,42.44,22.46,40803,0,19800,81328
2025-09-16 19:01:45,kruskal_strict_100_82.txt,100,82,kruskal,43.53,22.04,40803,0,19800,86752
2025-09-16 19:01:45,kruskal_strict_100_83.txt,100,83,kruskal,37.92,22.04,40803,0,19800,81865
2025-09-16 19:01:45,kruskal_strict_100_84.txt,100,84,kruskal,39.88,22.02,40803,0,19800,85646
2025-09-16 19:01:45,kruskal_strict_100_85.txt,100,85,kruskal,48.69,22.04,40803,0,19800,81417
2025-09-16 19:01:45,kruskal_strict_100_86.txt,100,86,kruskal,48.27,22.0,40803,0,19800,83412
2025-09-16 19:01:45,kruskal_strict_100_87.txt,100,87,kruskal,42.93,22.39,40803,0,19800,84417
2025-09-16 19:01:45,kruskal_strict_100_88.txt,100,88,kruskal,39.92,22.43,40803,0,19800,79316
2025-09-16 19:01:45,kruskal_strict_100_89.txt,100,89,kruskal,43.63,22.39,40803,0,19800,82799
2025-09-16 19:01:45,kruskal_strict_100_90.txt,100,90,kruskal,42.3,22.04,40803,0,19800,83505
2025-09-16 19:01:45,kruskal_strict_100_91.txt,100,91,kruskal,47.24,22.04,40803,0,19800,81504
2025-09-16 19:01:45,kruskal_strict_100_92.txt,100,92,kruskal,53.76,22.43,40803,0,19800,79273
2025-09-16 19:01:46,kruskal_strict_100_93.txt,100,93,kruskal,49.44,22.43,40803,0,19800,80859
2025-09-16 19:01:46,kruskal_strict_100_94.txt,100,94,kruskal,43.43,22.41,40803,0,19800,83270
2025-09-16 19:01:46,kruskal_strict_100_95.txt,100,95,kruskal,42.7,22.45,40803,0,19800,83590
2025-09-16 19:01:46,kruskal_strict_100_96.txt,100,96,kruskal,45.68,22.43,40803,0,19800,81095
2025-09-16 19:01:46,kruskal_strict_100_97.txt,100,97,kruskal,44.88,22.42,40803,0,19800,81336
2025-09-16 19:01:46,kruskal_strict_100_98.txt,100,98,kruskal,41.96,22.39,40803,0,19800,80016
2025-09-16 19:01:46,kruskal_strict_100_99.txt,100,99,kruskal,45.88,22.42,40803,0,19800,82454
2025-09-16 19:01:46,kruskal_strict_100_100.txt,100,100,kruskal,39.35,22.38,40803,0,19800,79597
2025-09-16 19:08:00,kruskal_strict_500_1.txt,500,1,kruskal,1624.93,84.38,1004003,0,499000,2205951
2025-09-16 19:08:02,kruskal_strict_500_2.txt,500,2,kruskal,1608.12,91.03,1004003,0,499000,2144270
2025-09-16 19:08:04,kruskal_strict_500_3.txt,500,3,kruskal,1602.34,93.25,1004003,0,499000,2166168
2025-09-16 19:08:05,kruskal_strict_500_4.txt,500,4,kruskal,1635.08,94.36,1004003,0,499000,2186074
2025-09-16 19:08:07,kruskal_strict_500_5.txt,500,5,kruskal,1603.49,94.5,1004003,0,499000,2127882
2025-09-16 19:08:09,kruskal_strict_500_6.txt,500,6,kruskal,1649.09,96.04,1004003,0,499000,2119501
2025-09-16 19:08:10,kruskal_strict_500_7.txt,500,7,kruskal,1633.05,97.07,1004003,0,499000,2172782
2025-09-16 19:08:12,kruskal_strict_500_8.txt,500,8,kruskal,1625.37,99.33,1004003,0,499000,2178934
2025-09-16 19:08:13,kruskal_strict_500_9.txt,500,9,kruskal,1638.33,99.33,1004003,0,499000,2158325
2025-09-16 19:08:15,kruskal_strict_500_10.txt,500,10,kruskal,1631.96,100.31,1004003,0,499000,2164250
2025-09-16 19:08:17,kruskal_strict_500_11.txt,500,11,kruskal,1664.4,102.08,1004003,0,499000,2208861
2025-09-16 19:08:18,kruskal_strict_500_12.txt,500,12,kruskal,1596.83,102.95,1004003,0,499000,2147656
2025-09-16 19:08:20,kruskal_strict_500_13.txt,500,13,kruskal,1629.06,103.88,1004003,0,499000,2138225
2025-09-16 19:08:22,kruskal_strict_500_14.txt,500,14,kruskal,1640.64,105.96,1004003,0,499000,2186431
2025-09-16 19:08:23,kruskal_strict_500_15.txt,500,15,kruskal,1642.97,107.54,1004003,0,499000,2188398
2025-09-16 19:08:25,kruskal_strict_500_16.txt,500,16,kruskal,1642.79,107.17,1004003,0,499000,2163614
2025-09-16 19:08:27,kruskal_strict_500_17.txt,500,17,kruskal,1625.26,106.96,1004003,0,499000,2177453
2025-09-16 19:08:28,kruskal_strict_500_18.txt,500,18,kruskal,1620.56,107.05,1004003,0,499000,2115313
2025-09-16 19:08:30,kruskal_strict_500_19.txt,500,19,kruskal,1627.53,107.64,1004003,0,499000,2152158
2025-09-16 19:08:31,kruskal_strict_500_20.txt,500,20,kruskal,1594.38,107.99,1004003,0,499000,2143953
2025-09-16 19:08:33,kruskal_strict_500_21.txt,500,21,kruskal,1655.43,106.91,1004003,0,499000,2204640
2025-09-16 19:08:35,kruskal_strict_500_22.txt,500,22,kruskal,1624.19,108.18,1004003,0,499000,2124850
2025-09-16 19:08:36,kruskal_strict_500_23.txt,500,23,kruskal,1657.18,107.07,1004003,0,499000,2196067
2025-09-16 19:08:38,kruskal_strict_500_24.txt,500,24,kruskal,1646.15,108.68,1004003,0,499000,2152419
2025-09-16 19:08:40,kruskal_strict_500_25.txt,500,25,kruskal,1642.17,107.75,1004003,0,499000,2147264
2025-09-16 19:08:41,kruskal_strict_500_26.txt,500,26,kruskal,1625.74,107.91,1004003,0,499000,2143258
2025-09-16 19:08:43,kruskal_strict_500_27.txt,500,27,kruskal,1626.55,108.34,1004003,0,499000,2182981
2025-09-16 19:08:45,kruskal_strict_500_28.txt,500,28,kruskal,1628.19,107.15,1004003,0,499000,2128869
2025-09-16 19:08:46,kruskal_strict_500_29.txt,500,29,kruskal,1624.22,108.22,1004003,0,499000,2169638
2025-09-16 19:08:48,kruskal_strict_500_30.txt,500,30,kruskal,1629.55,108.99,1004003,0,499000,2155658
2025-09-16 19:08:49,kruskal_strict_500_31.txt,500,31,kruskal,1637.44,109.08,1004003,0,499000,2167496
2025-09-16 19:08:51,kruskal_strict_500_32.txt,500,32,kruskal,1634.79,108.53,1004003,0,499000,2168468
2025-09-16 19:08:53,kruskal_strict_500_33.txt,500,33,kruskal,1626.71,108.04,1004003,0,499000,2189905
2025-09-16 19:08:54,kruskal_strict_500_34.txt,500,34,kruskal,1654.65,109.68,1004003,0,499000,2179190
2025-09-16 19:08:56,kruskal_strict_500_35.txt,500,35,kruskal,1640.19,109.09,1004003,0,499000,2170643
2025-09-16 19:08:58,kruskal_strict_500_36.txt,500,36,kruskal,1641.56,109.02,1004003,0,499000,2194654
2025-09-16 19:08:59,kruskal_strict_500_37.txt,500,37,kruskal,1626.44,109.12,1004003,0,499000,2188714
2025-09-16 19:09:01,kruskal_strict_500_38.txt,500,38,kruskal,1620.03,108.96,1004003,0,499000,2146077
2025-09-16 19:09:03,kruskal_strict_500_39.txt,500,39,kruskal,1600.75,108.94,1004003,0,499000,2131058
2025-09-16 19:09:04,kruskal_strict_500_40.txt,500,40,kruskal,1629.76,109.0,1004003,0,499000,2182065
2025-09-16 19:09:06,kruskal_strict_500_41.txt,500,41,kruskal,1635.73,108.97,1004003,0,499000,2156783
2025-09-16 19:09:07,kruskal_strict_500_42.txt,500,42,kruskal,1669.33,108.99,1004003,0,499000,2152281
2025-09-16 19:09:09,kruskal_strict_500_43.txt,500,43,kruskal,1663.49,109.96,1004003,0,499000,2180809
2025-09-16 19:09:11,kruskal_strict_500_44.txt,500,44,kruskal,1626.34,109.14,1004003,0,499000,2218383
2025-09-16 19:09:12,kruskal_strict_500_45.txt,500,45,kruskal,1660.97,109.02,1004003,0,499000,2171270
2025-09-16 19:09:14,kruskal_strict_500_46.txt,500,46,kruskal,1645.91,108.93,1004003,0,499000,2208450
2025-09-16 19:09:16,kruskal_strict_500_47.txt,500,47,kruskal,1610.84,109.09,1004003,0,499000,2221075
2025-09-16 19:09:17,kruskal_strict_500_48.txt,500,48,kruskal,1591.39,109.74,1004003,0,499000,2129929
2025-09-16 19:09:19,kruskal_strict_500_49.txt,500,49,kruskal,1602.73,109.04,1004003,0,499000,2120518
2025-09-16 19:09:21,kruskal_strict_500_50.txt,500,50,kruskal,1623.64,109.01,1004003,0,499000,2160457
2025-09-16 19:09:22,kruskal_strict_1000_1.txt,1000,1,kruskal,7947.67,294.33,4008003,0,1998000,8759356
2025-09-16 19:09:30,kruskal_strict_1000_2.txt,1000,2,kruskal,7917.07,293.66,4008003,0,1998000,8704405
2025-09-16 19:09:38,kruskal_strict_1000_3.txt,1000,3,kruskal,7980.88,292.55,4008003,0,1998000,8795724
2025-09-16 19:09:46,kruskal_strict_1000_4.txt,1000,4,kruskal,7990.86,295.68,4008003,0,1998000,8858014
2025-09-16 19:09:54,kruskal_strict_1000_5.txt,1000,5,kruskal,7971.83,295.71,4008003,0,1998000,8756357
2025-09-16 19:10:02,kruskal_strict_1000_6.txt,1000,6,kruskal,7736.82,296.63,4008003,0,1998000,8686714
2025-09-16 19:10:10,kruskal_strict_1000_7.txt,1000,7,kruskal,7856.33,294.52,4008003,0,1998000,8595066
2025-09-16 19:10:18,kruskal_strict_1000_8.txt,1000,8,kruskal,7954.05,295.57,4008003,0,1998000,8769245
2025-09-16 19:10:26,kruskal_strict_1000_9.txt,1000,9,kruskal,8003.37,295.55,4008003,0,1998000,8793359
2025-09-16 19:10:34,kruskal_strict_1000_10.txt,1000,10,kruskal,8023.8,293.66,4008003,0,1998000,8803608
2025-09-16 19:10:42,kruskal_strict_1000_11.txt,1000,11,kruskal,8042.64,295.95,4008003,0,1998000,8792726
2025-09-16 19:10:50,kruskal_strict_1000_12.txt,1000,12,kruskal,7767.68,293.67,4008003,0,1998000,8726596
2025-09-16 19:10:58,kruskal_strict_1000_13.txt,1000,13,kruskal,7943.84,294.78,4008003,0,1998000,8791108
2025-09-16 19:11:05,kruskal_strict_1000_14.txt,1000,14,kruskal,8073.97,296.01,4008003,0,1998000,8922923
2025-09-16 19:11:14,kruskal_strict_1000_15.txt,1000,15,kruskal,8028.93,296.22,4008003,0,1998000,8775327
2025-09-16 19:11:22,kruskal_strict_1000_16.txt,1000,16,kruskal,8018.94,298.02,4008003,0,1998000,8720812
2025-09-16 19:11:30,kruskal_strict_1000_17.txt,1000,17,kruskal,8005.09,289.68,4008003,0,1998000,8730648
2025-09-16 19:11:38,kruskal_strict_1000_18.txt,1000,18,kruskal,7863.18,293.7,4008003,0,1998000,8774226
2025-09-16 19:11:46,kruskal_strict_1000_19.txt,1000,19,kruskal,7947.29,295.73,4008003,0,1998000,8720437
2025-09-16 19:11:53,kruskal_strict_1000_20.txt,1000,20,kruskal,8030.15,296.73,4008003,0,1998000,8827801
2025-09-16 19:12:02,kruskal_strict_1000_21.txt,1000,21,kruskal,8250.04,292.69,4008003,0,1998000,8734040
2025-09-16 19:12:10,kruskal_strict_1000_22.txt,1000,22,kruskal,8177.29,296.85,4008003,0,1998000,8906227
2025-09-16 19:12:18,kruskal_strict_1000_23.txt,1000,23,kruskal,8132.14,293.64,4008003,0,1998000,8751482
2025-09-16 19:12:26,kruskal_strict_1000_24.txt,1000,24,kruskal,7776.34,293.75,4008003,0,1998000,8817104
2025-09-16 19:12:34,kruskal_strict_1000_25.txt,1000,25,kruskal,8112.15,296.84,4008003,0,1998000,8809779
2025-09-16 19:12:42,kruskal_strict_1000_26.txt,1000,26,kruskal,8224.4,294.36,4008003,0,1998000,8723790
2025-09-16 19:12:50,kruskal_strict_1000_27.txt,1000,27,kruskal,8041.29,295.33,4008003,0,1998000,8848868
2025-09-16 19:12:58,kruskal_strict_1000_28.txt,1000,28,kruskal,9767.64,291.51,4008003,0,1998000,8680161
2025-09-16 19:13:08,kruskal_strict_1000_29.txt,1000,29,kruskal,10055.48,294.51,4008003,0,1998000,8752740
2025-09-16 19:13:18,kruskal_strict_1000_30.txt,1000,30,kruskal,8479.43,296.45,4008003,0,1998000,8750940
2025-09-16 19:13:27,kruskal_strict_1000_31.txt,1000,31,kruskal,10170.42,295.34,4008003,0,1998000,8639014
2025-09-16 19:13:37,kruskal_strict_1000_32.txt,1000,32,kruskal,8130.95,294.37,4008003,0,1998000,8708109
2025-09-16 19:13:45,kruskal_strict_1000_33.txt,1000,33,kruskal,8084.38,295.46,4008003,0,1998000,8808482
2025-09-16 19:13:53,kruskal_strict_1000_34.txt,1000,34,kruskal,8024.92,294.39,4008003,0,1998000,8682264
2025-09-16 19:14:01,kruskal_strict_1000_35.txt,1000,35,kruskal,8054.17,292.33,4008003,0,1998000,8771126
2025-09-16 19:14:09,kruskal_strict_1000_36.txt,1000,36,kruskal,8017.76,295.18,4008003,0,1998000,8687050
2025-09-16 19:14:17,kruskal_strict_1000_37.txt,1000,37,kruskal,7900.42,295.35,4008003,0,1998000,8737434
2025-09-16 19:14:25,kruskal_strict_1000_38.txt,1000,38,kruskal,8355.62,295.17,4008003,0,1998000,8733801
2025-09-16 19:14:33,kruskal_strict_1000_39.txt,1000,39,kruskal,198485.63,294.39,4008003,0,1998000,8807356
2025-09-16 19:17:52,kruskal_strict_1000_40.txt,1000,40,kruskal,8439.32,297.62,4008003,0,1998000,8606912
2025-09-16 19:18:00,kruskal_strict_1000_41.txt,1000,41,kruskal,8321.86,295.18,4008003,0,1998000,8786093
2025-09-16 19:18:09,kruskal_strict_1000_42.txt,1000,42,kruskal,7821.53,294.4,4008003,0,1998000,8730535
2025-09-16 19:18:17,kruskal_strict_1000_43.txt,1000,43,kruskal,8668.36,295.52,4008003,0,1998000,8805814
2025-09-16 19:18:25,kruskal_strict_1000_44.txt,1000,44,kruskal,10703.69,294.38,4008003,0,1998000,8725693
2025-09-16 19:18:36,kruskal_strict_1000_45.txt,1000,45,kruskal,11055.26,293.25,4008003,0,1998000,8747296
2025-09-16 19:18:47,kruskal_strict_1000_46.txt,1000,46,kruskal,10778.68,294.27,4008003,0,1998000,8722421
2025-09-16 19:18:58,kruskal_strict_1000_47.txt,1000,47,kruskal,11374.85,296.26,4008003,0,1998000,8709745
2025-09-16 19:19:09,kruskal_strict_1000_48.txt,1000,48,kruskal,10879.34,291.39,4008003,0,1998000,8800011
2025-09-16 19:19:20,kruskal_strict_1000_49.txt,1000,49,kruskal,11327.57,293.42,4008003,0,1998000,8807465
2025-09-16 19:19:31,kruskal_strict_1000_50.txt,1000,50,kruskal,11573.21,295.82,4008003,0,1998000,8809531
2025-09-16 19:21:02,kruskal_strict_5000_1.txt,5000,1,kruskal,513252.12,2491.35,100040003,0,49990000,222936325
2025-09-16 19:29:36,kruskal_strict_5000_2.txt,5000,2,kruskal,489462.8,2470.33,100040003,0,49990000,222487954
2025-09-16 19:37:46,kruskal_strict_5000_3.txt,5000,3,kruskal,342549.89,2474.45,100040003,0,49990000,222071979
2025-09-16 19:43:29,kruskal_strict_5000_4.txt,5000,4,kruskal,419520.53,2499.07,100040003,0,49990000,221767100
2025-09-16 19:50:29,kruskal_strict_5000_5.txt,5000,5,kruskal,334428.84,2479.16,100040003,0,49990000,221253630
2025-09-16 19:56:03,kruskal_strict_5000_6.txt,5000,6,kruskal,472259.82,2490.18,100040003,0,49990000,220951866
2025-09-16 20:03:56,kruskal_strict_5000_7.txt,5000,7,kruskal,340447.35,2493.78,100040003,0,49990000,222957724
2025-09-16 20:09:37,kruskal_strict_5000_8.txt,5000,8,kruskal,423833.33,2501.84,100040003,0,49990000,223487109
2025-09-16 20:16:41,kruskal_strict_5000_9.txt,5000,9,kruskal,326530.83,2511.09,100040003,0,49990000,223924829
2025-09-16 20:22:08,kruskal_strict_5000_10.txt,5000,10,kruskal,345286.83,2481.97,100040003,0,49990000,222947208
2025-09-16 20:27:53,kruskal_strict_5000_11.txt,5000,11,kruskal,423930.63,2486.91,100040003,0,49990000,222622426
2025-09-16 20:34:58,kruskal_strict_5000_12.txt,5000,12,kruskal,410366.46,2511.43,100040003,0,49990000,223328249
2025-09-16 20:41:48,kruskal_strict_5000_13.txt,5000,13,kruskal,335919.71,2501.8,100040003,0,49990000,222866470
2025-09-16 20:47:25,kruskal_strict_5000_14.txt,5000,14,kruskal,486692.4,2516.07,100040003,0,49990000,220905269
2025-09-16 20:55:32,kruskal_strict_5000_15.txt,5000,15,kruskal,338942.26,2524.19,100040003,0,49990000,222503921
2025-09-16 21:01:11,kruskal_strict_5000_16.txt,5000,16,kruskal,425249.83,2514.05,100040003,0,49990000,222359430
2025-09-16 21:08:17,kruskal_strict_5000_17.txt,5000,17,kruskal,415184.17,2505.89,100040003,0,49990000,222199185
2025-09-16 21:15:12,kruskal_strict_5000_18.txt,5000,18,kruskal,392067.67,2509.56,100040003,0,49990000,223310312
2025-09-16 21:21:45,kruskal_strict_5000_19.txt,5000,19,kruskal,345326.4,2482.79,100040003,0,49990000,222750675
2025-09-16 21:27:30,kruskal_strict_5000_20.txt,5000,20,kruskal,327965.96,2512.69,100040003,0,49990000,224542483
2025-09-17 19:13:21,recursive_maze_10_1,10,1,recursive_backtracking,1.16,17.62,483,8,99,0
2025-09-17 19:13:21,recursive_maze_10_2,10,2,recursive_backtracking,1.04,17.65,483,9,99,0
2025-09-17 19:13:21,recursive_maze_10_3,10,3,recursive_backtracking,1.74,17.65,483,8,99,0
2025-09-17 19:13:21,recursive_maze_10_4,10,4,recursive_backtracking,1.73,17.65,483,10,99,0
2025-09-17 19:13:21,recursive_maze_10_5,10,5,recursive_backtracking,1.46,17.65,483,9,99,0
2025-09-17 19:13:21,recursive_maze_10_6,10,6,recursive_backtracking,3.51,17.65,483,8,99,0
2025-09-17 19:13:21,recursive_maze_10_7,10,7,recursive_backtracking,1.57,17.65,483,9,99,0
2025-09-17 19:13:21,recursive_maze_10_8,10,8,recursive_backtracking,1.33,17.65,483,12,99,0
2025-09-17 19:13:21,recursive_maze_10_9,10,9,recursive_backtracking,1.6,17.66,483,9,99,0
2025-09-17 19:13:21,recursive_maze_10_10,10,10,recursive_backtracking,1.25,17.66,483,10,99,0
2025-09-17 19:13:21,recursive_maze_10_11,10,11,recursive_backtracking,1.53,17.66,483,9,99,0
2025-09-17 19:13:21,recursive_maze_10_12,10,12,recursive_backtracking,1.63,17.66,483,12,99,0
2025-09-17 19:13:21,recursive_maze_10_13,10,13,recursive_backtracking,1.17,17.66,483,10,99,0
2025-09-17 19:13:21,recursive_maze_10_14,10,14,recursive_backtracking,2.56,17.66,483,12,99,0
2025-09-17 19:13:21,recursive_maze_10_15,10,15,recursive_backtracking,1.65,17.66,483,10,99,0
2025-09-17 19:13:21,recursive_maze_10_16,10,16,recursive_backtracking,1.25,17.66,483,8,99,0
2025-09-17 19:13:21,recursive_maze_10_17,10,17,recursive_backtracking,1.27,17.66,483,12,99,0
2025-09-17 19:13:21,recursive_maze_10_18,10,18,recursive_backtracking,1.38,17.66,483,11,99,0
2025-09-17 19:13:21,recursive_maze_10_19,10,19,recursive_backtracking,1.64,17.66,483,10,99,0
2025-09-17 19:13:21,recursive_maze_10_20,10,20,recursive_backtracking,1.76,17.66,483,10,99,0
2025-09-17 19:13:21,recursive_maze_10_21,10,21,recursive_backtracking,1.56,17.66,483,9,99,0
2025-09-17 19:13:21,recursive_maze_10_22,10,22,recursive_backtracking,2.69,17.66,483,8,99,0
2025-09-17 19:13:21,recursive_maze_10_23,10,23,recursive_backtracking,1.84,17.66,483,9,99,0
2025-09-17 19:13:21,recursive_maze_10_24,10,24,recursive_backtracking,1.63,17.67,483,8,99,0
2025-09-17 19:13:21,recursive_maze_10_25,10,25,recursive_backtracking,1.98,17.67,483,8,99,0
2025-09-17 19:13:21,recursive_maze_10_26,10,26,recursive_backtracking,1.92,17.67,483,8,99,0
2025-09-17 19:13:21,recursive_maze_10_27,10,27,recursive_backtracking,1.43,17.67,483,12,99,0
2025-09-17 19:13:21,recursive_maze_10_28,10,28,recursive_backtracking,1.98,17.67,483,10,99,0
2025-09-17 19:13:21,recursive_maze_10_29,10,29,recursive_backtracking,1.43,17.67,483,10,99,0
2025-09-17 19:13:21,recursive_maze_10_30,10,30,recursive_backtracking,1.2,17.67,483,10,99,0
2025-09-17 19:13:21,recursive_maze_10_31,10,31,recursive_backtracking,1.93,17.67,483,12,99,0
2025-09-17 19:13:21,recursive_maze_10_32,10,32,recursive_backtracking,1.1,17.67,483,10,99,0
2025-09-17 19:13:21,recursive_maze_10_33,10,33,recursive_backtracking,1.77,17.67,483,10,99,0
2025-09-17 19:13:21,recursive_maze_10_34,10,34,recursive_backtracking,1.32,17.67,483,8,99,0
2025-09-17 19:13:21,recursive_maze_10_35,10,35,recursive_backtracking,1.13,17.67,483,9,99,0
2025-09-17 19:13:21,recursive_maze_10_36,10,36,recursive_backtracking,1.78,17.67,483,11,99,0
2025-09-17 19:13:21,recursive_maze_10_37,10,37,recursive_backtracking,1.6,17.67,483,10,99,0
2025-09-17 19:13:21,recursive_maze_10_38,10,38,recursive_backtracking,1.53,17.67,483,8,99,0
2025-09-17 19:13:21,recursive_maze_10_39,10,39,recursive_backtracking,1.43,17.67,483,11,99,0
2025-09-17 19:13:21,recursive_maze_10_40,10,40,recursive_backtracking,2.0,17.67,483,10,99,0
2025-09-17 19:13:21,recursive_maze_10_41,10,41,recursive_backtracking,1.18,17.67,483,10,99,0
2025-09-17 19:13:21,recursive_maze_10_42,10,42,recursive_backtracking,1.09,17.67,483,8,99,0
2025-09-17 19:13:21,recursive_maze_10_43,10,43,recursive_backtracking,1.63,17.68,483,14,99,0
2025-09-17 19:13:21,recursive_maze_10_44,10,44,recursive_backtracking,1.14,17.68,483,10,99,0
2025-09-17 19:13:21,recursive_maze_10_45,10,45,recursive_backtracking,1.19,17.68,483,10,99,0
2025-09-17 19:13:21,recursive_maze_10_46,10,46,recursive_backtracking,3.08,17.68,483,12,99,0
2025-09-17 19:13:21,recursive_maze_10_47,10,47,recursive_backtracking,1.26,17.68,483,9,99,0
2025-09-17 19:13:21,recursive_maze_10_48,10,48,recursive_backtracking,1.05,17.68,483,11,99,0
2025-09-17 19:13:21,recursive_maze_10_49,10,49,recursive_backtracking,1.28,17.68,483,8,99,0
2025-09-17 19:13:21,recursive_maze_10_50,10,50,recursive_backtracking,9.92,17.68,483,12,99,0
2025-09-17 19:13:21,recursive_maze_10_51,10,51,recursive_backtracking,2.45,17.68,483,6,99,0
2025-09-17 19:13:21,recursive_maze_10_52,10,52,recursive_backtracking,2.75,17.68,483,11,99,0
2025-09-17 19:13:21,recursive_maze_10_53,10,53,recursive_backtracking,1.39,17.68,483,11,99,0
2025-09-17 19:13:21,recursive_maze_10_54,10,54,recursive_backtracking,4.27,17.68,483,11,99,0
2025-09-17 19:13:21,recursive_maze_10_55,10,55,recursive_backtracking,1.62,17.68,483,12,99,0
2025-09-17 19:13:21,recursive_maze_10_56,10,56,recursive_backtracking,4.43,17.68,483,10,99,0
2025-09-17 19:13:21,recursive_maze_10_57,10,57,recursive_backtracking,1.39,17.68,483,11,99,0
2025-09-17 19:13:21,recursive_maze_10_58,10,58,recursive_backtracking,1.9,17.68,483,8,99,0
2025-09-17 19:13:21,recursive_maze_10_59,10,59,recursive_backtracking,1.03,17.68,483,8,99,0
2025-09-17 19:13:21,recursive_maze_10_60,10,60,recursive_backtracking,0.97,17.68,483,10,99,0
2025-09-17 19:13:21,recursive_maze_10_61,10,61,recursive_backtracking,2.26,17.68,483,10,99,0
2025-09-17 19:13:21,recursive_maze_10_62,10,62,recursive_backtracking,1.14,17.68,483,9,99,0
2025-09-17 19:13:21,recursive_maze_10_63,10,63,recursive_backtracking,1.46,17.68,483,10,99,0
2025-09-17 19:13:21,recursive_maze_10_64,10,64,recursive_backtracking,0.96,17.68,483,13,99,0
2025-09-17 19:13:21,recursive_maze_10_65,10,65,recursive_backtracking,1.73,17.68,483,11,99,0
2025-09-17 19:13:21,recursive_maze_10_66,10,66,recursive_backtracking,1.0,17.68,483,9,99,0
2025-09-17 19:13:21,recursive_maze_10_67,10,67,recursive_backtracking,1.01,17.68,483,9,99,0
2025-09-17 19:13:21,recursive_maze_10_68,10,68,recursive_backtracking,1.12,17.68,483,10,99,0
2025-09-17 19:13:21,recursive_maze_10_69,10,69,recursive_backtracking,2.01,17.68,483,9,99,0
2025-09-17 19:13:21,recursive_maze_10_70,10,70,recursive_backtracking,1.32,17.68,483,8,99,0
2025-09-17 19:13:21,recursive_maze_10_71,10,71,recursive_backtracking,0.96,17.68,483,7,99,0
2025-09-17 19:13:21,recursive_maze_10_72,10,72,recursive_backtracking,0.91,17.68,483,13,99,0
2025-09-17 19:13:21,recursive_maze_10_73,10,73,recursive_backtracking,1.62,17.68,483,12,99,0
2025-09-17 19:13:21,recursive_maze_10_74,10,74,recursive_backtracking,1.36,17.68,483,8,99,0
2025-09-17 19:13:21,recursive_maze_10_75,10,75,recursive_backtracking,1.02,17.68,483,9,99,0
2025-09-17 19:13:21,recursive_maze_10_76,10,76,recursive_backtracking,1.02,17.68,483,8,99,0
2025-09-17 19:13:21,recursive_maze_10_77,10,77,recursive_backtracking,0.94,17.68,483,8,99,0
2025-09-17 19:13:21,recursive_maze_10_78,10,78,recursive_backtracking,0.97,17.68,483,11,99,0
2025-09-17 19:13:21,recursive_maze_10_79,10,79,recursive_backtracking,1.24,17.68,483,9,99,0
2025-09-17 19:13:21,recursive_maze_10_80,10,80,recursive_backtracking,0.91,17.68,483,10,99,0
2025-09-17 19:13:21,recursive_maze_10_81,10,81,recursive_backtracking,1.15,17.68,483,5,99,0
2025-09-17 19:13:21,recursive_maze_10_82,10,82,recursive_backtracking,1.06,17.68,483,9,99,0
2025-09-17 19:13:21,recursive_maze_10_83,10,83,recursive_backtracking,1.07,17.68,483,9,99,0
2025-09-17 19:13:21,recursive_maze_10_84,10,84,recursive_backtracking,2.2,17.68,483,11,99,0
2025-09-17 19:13:21,recursive_maze_10_85,10,85,recursive_backtracking,1.05,17.68,483,13,99,0
2025-09-17 19:13:21,recursive_maze_10_86,10,86,recursive_backtracking,1.09,17.68,483,10,99,0
2025-09-17 19:13:21,recursive_maze_10_87,10,87,recursive_backtracking,0.96,17.68,483,10,99,0
2025-09-17 19:13:21,recursive_maze_10_88,10,88,recursive_backtracking,1.1,17.68,483,11,99,0
2025-09-17 19:13:21,recursive_maze_10_89,10,89,recursive_backtracking,1.01,17.68,483,5,99,0
2025-09-17 19:13:21,recursive_maze_10_90,10,90,recursive_backtracking,1.11,17.68,483,10,99,0
2025-09-17 19:13:21,recursive_maze_10_91,10,91,recursive_backtracking,2.63,17.68,483,10,99,0
2025-09-17 19:13:21,recursive_maze_10_92,10,92,recursive_backtracking,1.2,17.68,483,11,99,0
2025-09-17 19:13:21,recursive_maze_10_93,10,93,recursive_backtracking,1.6,17.68,483,7,99,0
2025-09-17 19:13:21,recursive_maze_10_94,10,94,recursive_backtracking,0.98,17.68,483,10,99,0
2025-09-17 19:13:21,recursive_maze_10_95,10,95,recursive_backtracking,1.01,17.68,483,10,99,0
2025-09-17 19:13:21,recursive_maze_10_96,10,96,recursive_backtracking,1.15,17.68,483,8,99,0
2025-09-17 19:13:21,recursive_maze_10_97,10,97,recursive_backtracking,0.94,17.68,483,7,99,0
2025-09-17 19:13:21,recursive_maze_10_98,10,98,recursive_backtracking,1.14,17.68,483,11,99,0
2025-09-17 19:13:21,recursive_maze_10_99,10,99,recursive_backtracking,1.18,17.68,483,13,99,0
2025-09-17 19:13:21,recursive_maze_10_100,10,100,recursive_backtracking,1.07,17.68,483,9,99,0
2025-09-17 19:21:02,recursive_maze_40_1,40,1,recursive_backtracking,7.16,18.09,6723,157,1599,0
2025-09-17 19:21:02,recursive_maze_40_2,40,2,recursive_backtracking,8.9,18.15,6723,166,1599,0
2025-09-17 19:21:02,recursive_maze_40_3,40,3,recursive_backtracking,10.89,18.15,6723,161,1599,0
2025-09-17 19:21:02,recursive_maze_40_4,40,4,recursive_backtracking,6.98,18.16,6723,156,1599,0
2025-09-17 19:21:02,recursive_maze_40_5,40,5,recursive_backtracking,7.75,18.15,6723,166,1599,0
2025-09-17 19:21:02,recursive_maze_40_6,40,6,recursive_backtracking,8.49,18.18,6723,162,1599,0
2025-09-17 19:21:02,recursive_maze_40_7,40,7,recursive_backtracking,6.9,18.18,6723,156,1599,0
2025-09-17 19:21:02,recursive_maze_40_8,40,8,recursive_backtracking,9.51,18.18,6723,167,1599,0
2025-09-17 19:21:02,recursive_maze_40_9,40,9,recursive_backtracking,13.73,18.18,6723,156,1599,0
2025-09-17 19:21:02,recursive_maze_40_10,40,10,recursive_backtracking,12.57,18.18,6723,162,1599,0
2025-09-17 19:21:02,recursive_maze_40_11,40,11,recursive_backtracking,11.72,18.2,6723,163,1599,0
2025-09-17 19:21:02,recursive_maze_40_12,40,12,recursive_backtracking,10.0,18.2,6723,155,1599,0
2025-09-17 19:21:02,recursive_maze_40_13,40,13,recursive_backtracking,11.4,18.2,6723,164,1599,0
2025-09-17 19:21:02,recursive_maze_40_14,40,14,recursive_backtracking,7.78,18.2,6723,153,1599,0
2025-09-17 19:21:02,recursive_maze_40_15,40,15,recursive_backtracking,10.51,18.2,6723,158,1599,0
2025-09-17 19:21:02,recursive_maze_40_16,40,16,recursive_backtracking,10.99,18.21,6723,156,1599,0
2025-09-17 19:21:02,recursive_maze_40_17,40,17,recursive_backtracking,10.74,18.21,6723,156,1599,0
2025-09-17 19:21:02,recursive_maze_40_18,40,18,recursive_backtracking,10.97,18.21,6723,167,1599,0
2025-09-17 19:21:02,recursive_maze_40_19,40,19,recursive_backtracking,14.42,18.21,6723,149,1599,0
2025-09-17 19:21:02,recursive_maze_40_20,40,20,recursive_backtracking,9.25,18.21,6723,157,1599,0
2025-09-17 19:21:02,recursive_maze_40_21,40,21,recursive_backtracking,7.4,18.21,6723,148,1599,0
2025-09-17 19:21:02,recursive_maze_40_22,40,22,recursive_backtracking,10.4,18.21,6723,172,1599,0
2025-09-17 19:21:02,recursive_maze_40_23,40,23,recursive_backtracking,9.93,18.21,6723,163,1599,0
2025-09-17 19:21:02,recursive_maze_40_24,40,24,recursive_backtracking,7.8,18.21,6723,155,1599,0
2025-09-17 19:21:02,recursive_maze_40_25,40,25,recursive_backtracking,7.38,18.21,6723,164,1599,0
2025-09-17 19:21:02,recursive_maze_40_26,40,26,recursive_backtracking,8.09,18.21,6723,155,1599,0
2025-09-17 19:21:02,recursive_maze_40_27,40,27,recursive_backtracking,7.8,18.21,6723,157,1599,0
2025-09-17 19:21:03,recursive_maze_40_28,40,28,recursive_backtracking,8.85,18.21,6723,165,1599,0
2025-09-17 19:21:03,recursive_maze_40_29,40,29,recursive_backtracking,10.27,18.21,6723,166,1599,0
2025-09-17 19:21:03,recursive_maze_40_30,40,30,recursive_backtracking,12.45,18.21,6723,145,1599,0
2025-09-17 19:21:03,recursive_maze_40_31,40,31,recursive_backtracking,10.19,18.21,6723,163,1599,0
2025-09-17 19:21:03,recursive_maze_40_32,40,32,recursive_backtracking,7.81,18.21,6723,168,1599,0
2025-09-17 19:21:03,recursive_maze_40_33,40,33,recursive_backtracking,7.21,18.21,6723,161,1599,0
2025-09-17 19:21:03,recursive_maze_40_34,40,34,recursive_backtracking,9.3,18.22,6723,161,1599,0
2025-09-17 19:21:03,recursive_maze_40_35,40,35,recursive_backtracking,10.41,18.22,6723,148,1599,0
2025-09-17 19:21:03,recursive_maze_40_36,40,36,recursive_backtracking,7.6,18.23,6723,152,1599,0
2025-09-17 19:21:03,recursive_maze_40_37,40,37,recursive_backtracking,10.66,18.23,6723,158,1599,0
2025-09-17 19:21:03,recursive_maze_40_38,40,38,recursive_backtracking,9.48,18.23,6723,162,1599,0
2025-09-17 19:21:03,recursive_maze_40_39,40,39,recursive_backtracking,9.33,18.23,6723,150,1599,0
2025-09-17 19:21:03,recursive_maze_40_40,40,40,recursive_backtracking,6.97,18.23,6723,158,1599,0
2025-09-17 19:21:03,recursive_maze_40_41,40,41,recursive_backtracking,8.18,18.23,6723,161,1599,0
2025-09-17 19:21:03,recursive_maze_40_42,40,42,recursive_backtracking,9.25,18.23,6723,168,1599,0
2025-09-17 19:21:03,recursive_maze_40_43,40,43,recursive_backtracking,7.19,18.23,6723,167,1599,0
2025-09-17 19:21:03,recursive_maze_40_44,40,44,recursive_backtracking,8.04,18.23,6723,166,1599,0
2025-09-17 19:21:03,recursive_maze_40_45,40,45,recursive_backtracking,9.34,18.23,6723,149,1599,0
2025-09-17 19:21:03,recursive_maze_40_46,40,46,recursive_backtracking,7.65,18.23,6723,159,1599,0
2025-09-17 19:21:03,recursive_maze_40_47,40,47,recursive_backtracking,7.63,18.23,6723,162,1599,0
2025-09-17 19:21:03,recursive_maze_40_48,40,48,recursive_backtracking,8.27,18.23,6723,165,1599,0
2025-09-17 19:21:03,recursive_maze_40_49,40,49,recursive_backtracking,6.93,18.24,6723,162,1599,0
2025-09-17 19:21:03,recursive_maze_40_50,40,50,recursive_backtracking,7.81,18.24,6723,139,1599,0
2025-09-17 19:21:28,recursive_maze_40_51,40,51,recursive_backtracking,7.25,18.11,6723,159,1599,0
2025-09-17 19:21:28,recursive_maze_40_52,40,52,recursive_backtracking,9.12,18.17,6723,158,1599,0
2025-09-17 19:21:28,recursive_maze_40_53,40,53,recursive_backtracking,10.67,18.17,6723,153,1599,0
2025-09-17 19:21:28,recursive_maze_40_54,40,54,recursive_backtracking,7.0,18.17,6723,162,1599,0
2025-09-17 19:21:28,recursive_maze_40_55,40,55,recursive_backtracking,8.54,18.18,6723,166,1599,0
2025-09-17 19:21:28,recursive_maze_40_56,40,56,recursive_backtracking,9.82,18.21,6723,173,1599,0
2025-09-17 19:21:28,recursive_maze_40_57,40,57,recursive_backtracking,7.59,18.21,6723,161,1599,0
2025-09-17 19:21:28,recursive_maze_40_58,40,58,recursive_backtracking,7.6,18.25,6723,157,1599,0
2025-09-17 19:21:28,recursive_maze_40_59,40,59,recursive_backtracking,11.31,18.25,6723,162,1599,0
2025-09-17 19:21:28,recursive_maze_40_60,40,60,recursive_backtracking,11.24,18.27,6723,156,1599,0
2025-09-17 19:21:28,recursive_maze_40_61,40,61,recursive_backtracking,10.98,18.27,6723,152,1599,0
2025-09-17 19:21:28,recursive_maze_40_62,40,62,recursive_backtracking,11.22,18.27,6723,151,1599,0
2025-09-17 19:21:28,recursive_maze_40_63,40,63,recursive_backtracking,7.49,18.27,6723,159,1599,0
2025-09-17 19:21:28,recursive_maze_40_64,40,64,recursive_backtracking,8.36,18.27,6723,158,1599,0
2025-09-17 19:21:28,recursive_maze_40_65,40,65,recursive_backtracking,31.9,18.27,6723,157,1599,0
2025-09-17 19:24:36,recursive_maze_40_67,40,67,recursive_backtracking,10.94,18.39,6723,154,1599,0
2025-09-17 19:25:05,recursive_maze_40_68,40,68,recursive_backtracking,13.39,18.23,6723,154,1599,0
2025-09-17 19:25:28,recursive_maze_40_70,40,70,recursive_backtracking,10.78,18.34,6723,168,1599,0
2025-09-17 19:26:54,recursive_maze_40_72,40,72,recursive_backtracking,7.83,18.11,6723,160,1599,0
2025-09-17 19:26:54,recursive_maze_40_73,40,73,recursive_backtracking,8.93,18.17,6723,163,1599,0
2025-09-17 19:26:54,recursive_maze_40_74,40,74,recursive_backtracking,11.18,18.17,6723,154,1599,0
2025-09-17 19:26:54,recursive_maze_40_75,40,75,recursive_backtracking,9.4,18.24,6723,154,1599,0
2025-09-17 19:26:54,recursive_maze_40_76,40,76,recursive_backtracking,7.19,18.23,6723,162,1599,0
2025-09-17 19:26:54,recursive_maze_40_77,40,77,recursive_backtracking,21.02,18.26,6723,159,1599,0
2025-09-17 19:26:54,recursive_maze_40_78,40,78,recursive_backtracking,7.04,18.26,6723,158,1599,0
2025-09-17 19:26:54,recursive_maze_40_79,40,79,recursive_backtracking,12.3,18.26,6723,177,1599,0
2025-09-17 19:26:54,recursive_maze_40_80,40,80,recursive_backtracking,16.4,18.26,6723,167,1599,0
2025-09-17 19:26:54,recursive_maze_40_81,40,81,recursive_backtracking,10.81,18.26,6723,141,1599,0
2025-09-17 19:26:54,recursive_maze_40_82,40,82,recursive_backtracking,13.41,18.27,6723,158,1599,0
2025-09-17 19:26:54,recursive_maze_40_83,40,83,recursive_backtracking,11.52,18.27,6723,164,1599,0
2025-09-17 19:26:54,recursive_maze_40_84,40,84,recursive_backtracking,11.61,18.28,6723,167,1599,0
2025-09-17 19:26:54,recursive_maze_40_85,40,85,recursive_backtracking,12.3,18.28,6723,160,1599,0
2025-09-17 19:26:54,recursive_maze_40_86,40,86,recursive_backtracking,8.1,18.28,6723,158,1599,0
2025-09-17 19:26:54,recursive_maze_40_87,40,87,recursive_backtracking,9.92,18.28,6723,168,1599,0
2025-09-17 19:26:54,recursive_maze_40_88,40,88,recursive_backtracking,10.95,18.28,6723,152,1599,0
2025-09-17 19:26:54,recursive_maze_40_89,40,89,recursive_backtracking,12.14,18.28,6723,160,1599,0
2025-09-17 19:26:54,recursive_maze_40_90,40,90,recursive_backtracking,11.85,18.28,6723,164,1599,0
2025-09-17 19:26:54,recursive_maze_40_91,40,91,recursive_backtracking,14.64,18.28,6723,168,1599,0
2025-09-17 19:26:54,recursive_maze_40_92,40,92,recursive_backtracking,8.43,18.28,6723,168,1599,0
2025-09-17 19:26:54,recursive_maze_40_93,40,93,recursive_backtracking,7.07,18.28,6723,156,1599,0
2025-09-17 19:26:54,recursive_maze_40_94,40,94,recursive_backtracking,8.99,18.28,6723,166,1599,0
2025-09-17 19:26:54,recursive_maze_40_95,40,95,recursive_backtracking,8.18,18.28,6723,161,1599,0
2025-09-17 19:26:54,recursive_maze_40_96,40,96,recursive_backtracking,7.38,18.28,6723,166,1599,0
2025-09-17 19:26:54,recursive_maze_40_97,40,97,recursive_backtracking,11.79,18.28,6723,160,1599,0
2025-09-17 19:26:54,recursive_maze_40_98,40,98,recursive_backtracking,12.58,18.28,6723,160,1599,0
2025-09-17 19:26:54,recursive_maze_40_99,40,99,recursive_backtracking,8.43,18.28,6723,161,1599,0
2025-09-17 19:26:54,recursive_maze_40_100,40,100,recursive_backtracking,8.11,18.28,6723,162,1599,0
2025-09-17 19:27:45,recursive_maze_40_71,40,71,recursive_backtracking,16.87,18.15,6723,155,1599,0
2025-09-17 19:34:47,kruskal_strict_40_1.txt,40,1,kruskal,7.37,18.36,6723,0,3120,12218
2025-09-17 19:34:47,kruskal_strict_40_2.txt,40,2,kruskal,7.75,18.41,6723,0,3120,12400
2025-09-17 19:34:47,kruskal_strict_40_3.txt,40,3,kruskal,7.72,18.41,6723,0,3120,12405
2025-09-17 19:34:47,kruskal_strict_40_4.txt,40,4,kruskal,7.78,18.41,6723,0,3120,12163
2025-09-17 19:34:47,kruskal_strict_40_5.txt,40,5,kruskal,7.37,18.73,6723,0,3120,12646
2025-09-17 19:34:47,kruskal_strict_40_6.txt,40,6,kruskal,8.02,18.86,6723,0,3120,11866
2025-09-17 19:34:47,kruskal_strict_40_7.txt,40,7,kruskal,6.16,18.97,6723,0,3120,12420
2025-09-17 19:34:47,kruskal_strict_40_8.txt,40,8,kruskal,7.23,19.02,6723,0,3120,11776
2025-09-17 19:34:47,kruskal_strict_40_9.txt,40,9,kruskal,6.31,19.02,6723,0,3120,12009
2025-09-17 19:34:47,kruskal_strict_40_10.txt,40,10,kruskal,8.15,19.02,6723,0,3120,12692
2025-09-17 19:34:47,kruskal_strict_40_11.txt,40,11,kruskal,8.86,19.05,6723,0,3120,13148
2025-09-17 19:34:47,kruskal_strict_40_12.txt,40,12,kruskal,6.52,19.07,6723,0,3120,12319
2025-09-17 19:34:47,kruskal_strict_40_13.txt,40,13,kruskal,7.73,19.07,6723,0,3120,12286
2025-09-17 19:34:47,kruskal_strict_40_14.txt,40,14,kruskal,6.32,19.08,6723,0,3120,12691
2025-09-17 19:34:47,kruskal_strict_40_15.txt,40,15,kruskal,7.1,19.11,6723,0,3120,12081
2025-09-17 19:34:47,kruskal_strict_40_16.txt,40,16,kruskal,8.44,19.2,6723,0,3120,11915
2025-09-17 19:34:47,kruskal_strict_40_17.txt,40,17,kruskal,6.19,19.23,6723,0,3120,12802
2025-09-17 19:34:47,kruskal_strict_40_18.txt,40,18,kruskal,7.83,19.21,6723,0,3120,12193
2025-09-17 19:34:47,kruskal_strict_40_19.txt,40,19,kruskal,6.82,19.32,6723,0,3120,12605
2025-09-17 19:34:47,kruskal_strict_40_20.txt,40,20,kruskal,10.13,19.34,6723,0,3120,12310
2025-09-17 19:34:47,kruskal_strict_40_21.txt,40,21,kruskal,7.74,19.35,6723,0,3120,11467
2025-09-17 19:34:47,kruskal_strict_40_22.txt,40,22,kruskal,6.35,19.29,6723,0,3120,12281
2025-09-17 19:34:47,kruskal_strict_40_23.txt,40,23,kruskal,7.56,19.33,6723,0,3120,12539
2025-09-17 19:34:47,kruskal_strict_40_24.txt,40,24,kruskal,6.16,19.36,6723,0,3120,12097
2025-09-17 19:34:47,kruskal_strict_40_25.txt,40,25,kruskal,7.02,19.36,6723,0,3120,13316
2025-09-17 19:34:47,kruskal_strict_40_26.txt,40,26,kruskal,7.5,19.36,6723,0,3120,11525
2025-09-17 19:34:47,kruskal_strict_40_27.txt,40,27,kruskal,6.1,19.3,6723,0,3120,12402
2025-09-17 19:34:47,kruskal_strict_40_28.txt,40,28,kruskal,8.26,19.32,6723,0,3120,12562
2025-09-17 19:34:47,kruskal_strict_40_29.txt,40,29,kruskal,9.05,19.42,6723,0,3120,11863
2025-09-17 19:34:47,kruskal_strict_40_30.txt,40,30,kruskal,7.04,19.43,6723,0,3120,12780
2025-09-17 19:34:47,kruskal_strict_40_31.txt,40,31,kruskal,8.32,19.32,6723,0,3120,11696
2025-09-17 19:34:47,kruskal_strict_40_32.txt,40,32,kruskal,6.1,19.33,6723,0,3120,12348
2025-09-17 19:34:47,kruskal_strict_40_33.txt,40,33,kruskal,7.17,19.45,6723,0,3120,11923
2025-09-17 19:34:47,kruskal_strict_40_34.txt,40,34,kruskal,6.42,19.45,6723,0,3120,12717
2025-09-17 19:34:47,kruskal_strict_40_35.txt,40,35,kruskal,7.07,19.32,6723,0,3120,12901
2025-09-17 19:34:47,kruskal_strict_40_36.txt,40,36,kruskal,8.98,19.32,6723,0,3120,12629
2025-09-17 19:34:47,kruskal_strict_40_37.txt,40,37,kruskal,6.44,19.34,6723,0,3120,12372
2025-09-17 19:34:47,kruskal_strict_40_38.txt,40,38,kruskal,10.35,19.34,6723,0,3120,12576
2025-09-17 19:34:47,kruskal_strict_40_39.txt,40,39,kruskal,8.56,19.18,6723,0,3120,13510
2025-09-17 19:34:47,kruskal_strict_40_40.txt,40,40,kruskal,6.28,19.21,6723,0,3120,12749
2025-09-17 19:34:47,kruskal_strict_40_41.txt,40,41,kruskal,7.66,19.21,6723,0,3120,12696
2025-09-17 19:34:47,kruskal_strict_40_42.txt,40,42,kruskal,6.69,19.21,6723,0,3120,13221
2025-09-17 19:34:47,kruskal_strict_40_43.txt,40,43,kruskal,7.61,19.17,6723,0,3120,13564
2025-09-17 19:34:47,kruskal_strict_40_44.txt,40,44,kruskal,9.18,19.21,6723,0,3120,11807
2025-09-17 19:34:47,kruskal_strict_40_45.txt,40,45,kruskal,11.22,19.21,6723,0,3120,12170
2025-09-17 19:34:47,kruskal_strict_40_46.txt,40,46,kruskal,6.33,19.21,6723,0,3120,11841
2025-09-17 19:34:47,kruskal_strict_40_47.txt,40,47,kruskal,7.88,19.17,6723,0,3120,12389
2025-09-17 19:34:47,kruskal_strict_40_48.txt,40,48,kruskal,6.29,19.22,6723,0,3120,11742
2025-09-17 19:34:47,kruskal_strict_40_49.txt,40,49,kruskal,7.09,19.26,6723,0,3120,11709
2025-09-17 19:34:48,kruskal_strict_40_50.txt,40,50,kruskal,8.19,19.26,6723,0,3120,12374
2025-09-17 19:34:48,kruskal_strict_40_51.txt,40,51,kruskal,6.13,19.18,6723,0,3120,12092
2025-09-17 19:34:48,kruskal_strict_40_52.txt,40,52,kruskal,10.51,19.22,6723,0,3120,12352
2025-09-17 19:34:48,kruskal_strict_40_53.txt,40,53,kruskal,9.05,19.23,6723,0,3120,12723
2025-09-17 19:34:48,kruskal_strict_40_54.txt,40,54,kruskal,6.33,19.23,6723,0,3120,12459
2025-09-17 19:34:48,kruskal_strict_40_55.txt,40,55,kruskal,7.52,19.25,6723,0,3120,12368
2025-09-17 19:34:48,kruskal_strict_40_56.txt,40,56,kruskal,6.39,19.28,6723,0,3120,12405
2025-09-17 19:34:48,kruskal_strict_40_57.txt,40,57,kruskal,7.55,19.28,6723,0,3120,13499
2025-09-17 19:34:48,kruskal_strict_40_58.txt,40,58,kruskal,8.21,19.22,6723,0,3120,11499
2025-09-17 19:34:48,kruskal_strict_40_59.txt,40,59,kruskal,6.39,19.27,6723,0,3120,12169
2025-09-17 19:34:48,kruskal_strict_40_60.txt,40,60,kruskal,7.73,19.28,6723,0,3120,12497
2025-09-17 19:34:48,kruskal_strict_40_61.txt,40,61,kruskal,7.5,19.22,6723,0,3120,11815
2025-09-17 19:34:48,kruskal_strict_40_62.txt,40,62,kruskal,7.68,19.36,6723,0,3120,11852
2025-09-17 19:34:48,kruskal_strict_40_63.txt,40,63,kruskal,7.83,19.39,6723,0,3120,12274
2025-09-17 19:34:48,kruskal_strict_40_64.txt,40,64,kruskal,6.16,19.39,6723,0,3120,12316
2025-09-17 19:34:48,kruskal_strict_40_65.txt,40,65,kruskal,7.12,19.27,6723,0,3120,11377
2025-09-17 19:35:11,kruskal_strict_40_67.txt,40,67,kruskal,8.45,18.46,6723,0,3120,11806
2025-09-17 19:35:11,kruskal_strict_40_68.txt,40,68,kruskal,7.3,18.46,6723,0,3120,12109
2025-09-17 19:35:11,kruskal_strict_40_69.txt,40,69,kruskal,7.99,18.46,6723,0,3120,12524
2025-09-17 19:35:11,kruskal_strict_40_70.txt,40,70,kruskal,8.08,18.78,6723,0,3120,11959
2025-09-17 19:35:11,kruskal_strict_40_71.txt,40,71,kruskal,7.87,18.86,6723,0,3120,12218
2025-09-17 19:35:11,kruskal_strict_40_72.txt,40,72,kruskal,6.55,18.93,6723,0,3120,11778
2025-09-17 19:35:11,kruskal_strict_40_73.txt,40,73,kruskal,8.78,18.93,6723,0,3120,12847
2025-09-17 19:35:11,kruskal_strict_40_74.txt,40,74,kruskal,6.43,18.97,6723,0,3120,11177
2025-09-17 19:35:11,kruskal_strict_40_75.txt,40,75,kruskal,10.45,19.05,6723,0,3120,13519
2025-09-17 19:35:11,kruskal_strict_40_76.txt,40,76,kruskal,10.46,19.07,6723,0,3120,13240
2025-09-17 19:35:11,kruskal_strict_40_77.txt,40,77,kruskal,10.11,19.08,6723,0,3120,12082
2025-09-17 19:35:11,kruskal_strict_40_78.txt,40,78,kruskal,7.04,19.09,6723,0,3120,11768
2025-09-17 19:35:11,kruskal_strict_40_79.txt,40,79,kruskal,9.62,19.09,6723,0,3120,12207
2025-09-17 19:35:11,kruskal_strict_40_80.txt,40,80,kruskal,11.17,18.95,6723,0,3120,12355
2025-09-17 19:35:11,kruskal_strict_40_81.txt,40,81,kruskal,10.28,18.96,6723,0,3120,11397
2025-09-17 19:35:11,kruskal_strict_40_82.txt,40,82,kruskal,7.38,18.96,6723,0,3120,11516
2025-09-17 19:35:11,kruskal_strict_40_83.txt,40,83,kruskal,7.84,18.89,6723,0,3120,12179
2025-09-17 19:35:11,kruskal_strict_40_84.txt,40,84,kruskal,8.57,18.97,6723,0,3120,12295
2025-09-17 19:35:11,kruskal_strict_40_85.txt,40,85,kruskal,6.62,18.98,6723,0,3120,12171
2025-09-17 19:35:11,kruskal_strict_40_86.txt,40,86,kruskal,8.29,18.98,6723,0,3120,11957
2025-09-17 19:35:11,kruskal_strict_40_87.txt,40,87,kruskal,6.39,18.94,6723,0,3120,11714
2025-09-17 19:35:11,kruskal_strict_40_88.txt,40,88,kruskal,7.6,18.98,6723,0,3120,13112
2025-09-17 19:35:11,kruskal_strict_40_89.txt,40,89,kruskal,6.9,18.98,6723,0,3120,11774
2025-09-17 19:35:11,kruskal_strict_40_90.txt,40,90,kruskal,7.1,18.99,6723,0,3120,12227
2025-09-17 19:35:11,kruskal_strict_40_91.txt,40,91,kruskal,10.06,19.05,6723,0,3120,12993
2025-09-17 19:35:11,kruskal_strict_40_92.txt,40,92,kruskal,7.84,19.07,6723,0,3120,12083
2025-09-17 19:35:11,kruskal_strict_40_93.txt,40,93,kruskal,6.29,19.07,6723,0,3120,12231
2025-09-17 19:35:11,kruskal_strict_40_94.txt,40,94,kruskal,7.7,19.08,6723,0,3120,13062
2025-09-17 19:35:11,kruskal_strict_40_95.txt,40,95,kruskal,6.39,19.08,6723,0,3120,13085
2025-09-17 19:35:11,kruskal_strict_40_96.txt,40,96,kruskal,7.64,19.09,6723,0,3120,12610
2025-09-17 19:35:11,kruskal_strict_40_97.txt,40,97,kruskal,9.92,19.09,6723,0,3120,11565
2025-09-17 19:35:11,kruskal_strict_40_98.txt,40,98,kruskal,6.88,19.09,6723,0,3120,11794
2025-09-17 19:35:11,kruskal_strict_40_99.txt,40,99,kruskal,8.07,19.09,6723,0,3120,12495
2025-09-17 19:35:11,kruskal_strict_40_100.txt,40,100,kruskal,10.6,19.09,6723,0,3120,12842
2025-09-17 20:08:13,kruskal_strict_6000_1.txt,6000,1,kruskal,813201.96,2948.59,144048003,0,71988000,320763669
2025-09-17 20:22:34,kruskal_strict_6000_66.txt,6000,66,kruskal,805280.36,2945.3,144048003,0,71988000,319748838
2025-09-17 20:36:44,kruskal_strict_6000_28.txt,6000,28,kruskal,892314.9,2941.05,144048003,0,71988000,320773944
2025-09-17 20:54:34,kruskal_strict_6000_98.txt,6000,98,kruskal,849848.42,2929.26,144048003,0,71988000,321075847
2025-09-17 21:11:21,kruskal_strict_6000_150.txt,6000,150,kruskal,1933634.09,2936.69,144048003,0,71988000,319685606
